<?xml version="1.0" encoding="UTF-8"?>
<project-private xmlns="http://www.netbeans.org/ns/project-private/1">
    <editor-bookmarks xmlns="http://www.netbeans.org/ns/editor-bookmarks/2" lastBookmarkId="0"/>
    <open-files xmlns="http://www.netbeans.org/ns/projectui-open-files/2">
        <group>
            <file>file:/E:/Spring%202020/OOAD%20Lab/TestProject/web/index.html</file>
            <file>file:/E:/Spring%202020/OOAD%20Lab/TestProject/web/Studenthome.jsp</file>
            <file>file:/E:/Spring%202020/OOAD%20Lab/TestProject/web/signup.jsp</file>
            <file>file:/E:/Spring%202020/OOAD%20Lab/TestProject/src/java/com/user/Profile.java</file>
            <file>file:/E:/Spring%202020/OOAD%20Lab/TestProject/src/java/com/user/Register.java</file>
            <file>file:/E:/Spring%202020/OOAD%20Lab/TestProject/src/java/com/user/DBcon.java</file>
            <file>file:/E:/Spring%202020/OOAD%20Lab/TestProject/web/jspLogIn.jsp</file>
            <file>file:/E:/Spring%202020/OOAD%20Lab/TestProject/src/java/com/user/Login.java</file>
        </group>
    </open-files>
</project-private>
